timestamp,top_left,top_right,bottom_left,bottom_right
0.0,32.1,33.0,32.2,32.6
0.5,32.1,33.1,32.2,32.5
1.0,32.1,33.1,32.3,32.5
1.5,32.2,33.1,32.3,32.4
2.0,32.2,33.1,32.3,32.4
2.5,32.2,33.1,32.2,32.4
3.0,32.1,33.1,32.2,32.4
3.5,32.1,33.1,32.2,32.4
4.0,32.1,33.1,32.2,32.4
4.5,32.2,33.0,32.2,32.4
5.0,32.2,33.0,32.2,32.5
5.5,32.2,33.0,32.2,32.5
6.0,32.2,33.2,32.2,32.7
6.5,32.4,33.4,32.5,32.8
7.0,32.6,33.6,32.6,33.0
7.5,32.8,33.8,33.0,33.2
8.0,33.2,34.0,33.2,33.4
8.5,33.3,34.2,33.3,33.6
9.0,33.4,34.4,33.5,33.7
9.5,33.6,34.4,33.6,33.8
10.0,33.6,34.5,33.6,33.8
10.5,33.6,34.5,33.6,33.9
11.0,33.5,34.5,33.6,33.9
11.5,33.5,34.5,33.6,33.9
12.0,33.5,34.6,33.6,33.9
12.5,33.5,34.6,33.6,33.9
13.0,33.6,34.6,33.7,33.9
13.5,33.6,34.6,33.7,33.9
14.0,33.6,34.6,33.7,33.9
14.5,33.6,34.6,33.7,34.0
15.0,33.6,34.6,33.7,34.0
15.5,33.6,34.5,33.7,34.0
16.0,33.6,34.6,33.7,34.0
16.5,33.6,34.6,33.7,34.0
17.0,33.4,34.6,33.6,34.0
17.5,33.4,34.6,33.6,34.0
18.0,33.4,34.6,33.6,34.0
18.5,33.4,34.6,33.8,34.0
19.0,33.4,34.6,33.7,34.0
19.5,33.5,34.7,33.8,34.1
20.0,33.4,34.6,33.6,34.1
20.5,33.4,34.6,33.6,34.1
21.0,33.4,34.7,33.7,34.1
21.5,33.5,34.8,33.8,34.2
22.0,33.5,34.8,33.8,34.2
22.5,33.4,34.8,33.7,34.2
23.0,33.5,34.8,33.7,34.3
23.5,33.5,34.9,33.9,34.3
24.0,33.7,35.0,33.9,34.3
24.5,33.6,35.1,33.9,34.4
25.0,33.7,35.1,34.0,34.5
25.5,33.7,35.2,34.0,34.5
26.0,33.7,35.2,34.1,34.6
26.5,33.7,35.3,34.1,34.7
27.0,33.8,35.3,34.2,34.7
27.5,33.8,35.4,34.3,34.8
28.0,33.9,35.5,34.3,34.8
28.5,33.8,35.5,34.4,34.9
29.0,33.8,35.5,34.3,35.0
29.5,33.8,35.5,34.4,35.1
30.0,33.9,35.5,34.5,35.1
30.5,33.9,35.7,34.5,35.2
31.0,34.1,35.9,34.8,35.3
31.5,34.2,36.0,34.9,35.4
32.0,34.3,36.1,35.0,35.5
32.5,34.3,36.2,35.0,35.6
33.0,34.5,36.4,35.2,35.8
33.5,34.5,36.4,35.2,35.9
34.0,34.6,36.6,35.4,36.0
34.5,34.6,36.7,35.6,36.1
35.0,34.6,36.7,35.6,36.2
35.5,34.7,36.8,35.7,36.3
36.0,34.7,36.8,35.8,36.4
36.5,34.8,37.0,36.0,36.5
37.0,35.0,37.2,36.1,36.6
37.5,35.0,37.3,36.2,36.7
38.0,35.1,37.5,36.3,36.8
38.5,35.2,37.5,36.5,36.9
39.0,35.2,37.6,36.5,37.0
39.5,35.3,37.8,36.6,37.1
40.0,35.3,37.8,36.7,37.2
40.5,35.5,37.9,36.8,37.3
41.0,35.4,38.0,36.8,37.4
41.5,35.5,38.0,36.9,37.5
42.0,35.6,38.2,37.1,37.5
42.5,35.7,38.3,37.2,37.7
43.0,35.7,38.4,37.2,37.8
43.5,35.8,38.5,37.4,37.9
44.0,36.0,38.6,37.5,38.0
44.5,36.1,38.8,37.6,38.1
45.0,36.1,38.8,37.8,38.3
45.5,36.3,39.1,38.0,38.4
46.0,36.3,39.2,37.9,38.5
46.5,36.4,39.3,38.1,38.6
47.0,36.4,39.3,38.2,38.7
47.5,36.5,39.4,38.2,38.8
48.0,36.6,39.5,38.4,38.9
48.5,36.7,39.7,38.5,39.1
49.0,36.8,39.7,38.5,39.1
49.5,37.0,39.9,38.7,39.2
50.0,37.1,40.2,38.9,39.4
50.5,37.0,40.2,38.9,39.5
51.0,37.1,40.3,39.0,39.7
51.5,37.2,40.4,39.1,39.8
52.0,37.4,40.6,39.2,40.0
52.5,37.6,40.9,39.6,40.1
53.0,37.7,40.9,39.7,40.2
53.5,37.8,41.1,39.8,40.3
54.0,37.9,41.2,40.0,40.4
54.5,37.9,41.3,40.0,40.5
55.0,38.0,41.3,40.1,40.7
55.5,38.1,41.4,40.2,40.8
56.0,38.1,41.6,40.4,40.9
56.5,38.3,41.8,40.6,41.0
57.0,38.4,41.8,40.7,41.1
57.5,38.7,42.0,40.8,41.3
58.0,38.7,42.2,40.9,41.4
58.5,38.8,42.3,41.1,41.5
59.0,38.8,42.4,41.2,41.7
59.5,38.9,42.6,41.3,41.8
60.0,39.0,42.8,41.5,41.9
60.5,39.2,42.9,41.6,42.1
61.0,39.3,43.0,41.7,42.2
61.5,39.4,43.2,42.0,42.4
62.0,39.5,43.3,42.0,42.5
62.5,39.6,43.4,42.1,42.6
63.0,39.6,43.4,42.1,42.8
63.5,39.7,43.6,42.5,42.9
64.0,39.9,43.9,42.5,43.0
64.5,40.0,43.9,42.6,43.0
65.0,40.2,44.0,42.8,43.1
65.5,40.3,44.1,42.8,43.2
66.0,40.3,44.3,42.9,43.3
66.5,40.3,44.2,42.9,43.4
67.0,40.3,44.2,42.9,43.6
67.5,40.3,44.2,42.9,43.9
68.0,41.0,45.0,43.9,44.2
68.5,41.1,45.2,44.0,44.5
69.0,42.0,46.0,44.9,44.8
69.5,42.1,46.2,45.1,45.2
70.0,42.4,46.5,45.4,45.5
70.5,42.6,46.7,45.5,45.8
71.0,42.6,46.7,45.6,46.0
71.5,42.9,47.2,46.0,46.2
72.0,43.0,47.2,46.0,46.4
72.5,43.1,47.3,46.2,46.4
73.0,43.2,47.5,46.4,46.6
73.5,43.3,47.6,46.4,46.7
74.0,43.4,47.7,46.5,46.8
74.5,43.5,47.9,46.6,46.9
75.0,43.6,48.0,46.8,47.0
75.5,43.7,48.1,46.8,47.2
76.0,43.8,48.2,47.0,47.3
76.5,43.9,48.4,47.1,47.4
77.0,44.1,48.5,47.2,47.6
77.5,44.0,48.6,47.4,47.7
78.0,44.2,48.8,47.6,47.8
78.5,44.3,48.9,47.6,48.0
79.0,44.4,48.9,47.6,48.1
79.5,44.4,48.9,47.7,48.1
80.0,44.5,49.0,47.8,48.2
80.5,44.5,49.1,47.8,48.3
81.0,44.4,49.1,47.9,48.4
81.5,44.5,49.2,48.0,48.5
82.0,44.5,49.4,48.1,48.6
82.5,44.5,49.5,48.2,48.7
83.0,44.7,49.6,48.4,48.7
83.5,44.9,49.7,48.5,48.8
84.0,45.0,49.8,48.5,49.0
84.5,45.1,49.9,48.7,49.1
85.0,45.1,50.0,48.8,49.2
85.5,45.1,50.1,48.8,49.2
86.0,45.2,50.2,49.0,49.3
86.5,45.3,50.3,49.1,49.4
87.0,45.4,50.4,49.1,49.5
87.5,45.5,50.5,49.2,49.6
88.0,45.5,50.5,49.3,49.7
88.5,45.5,50.6,49.4,49.8
89.0,45.7,50.8,49.5,49.9
89.5,45.9,51.0,49.7,50.0
90.0,45.9,51.1,49.8,50.1
90.5,46.0,51.2,49.9,50.2
91.0,46.2,51.4,50.1,50.4
91.5,46.2,51.4,50.2,50.5
92.0,46.3,51.6,50.3,50.6
92.5,46.5,51.7,50.3,50.7
93.0,46.6,51.8,50.5,50.8
93.5,46.7,52.0,50.7,50.9
94.0,46.8,52.1,50.9,51.0
94.5,46.8,52.2,51.0,51.2
95.0,46.9,52.3,51.1,51.3
95.5,47.0,52.4,51.1,51.4
96.0,47.1,52.5,51.3,51.6
96.5,47.2,52.7,51.4,51.8
97.0,47.4,52.8,51.7,51.9
97.5,47.6,53.1,51.9,52.1
98.0,47.7,53.2,51.9,52.3
98.5,47.8,53.3,52.0,52.4
99.0,47.8,53.4,52.1,52.5
99.5,48.0,53.5,52.2,52.6
100.0,48.0,53.5,52.3,52.7
100.5,48.0,53.5,52.3,52.8
101.0,48.3,53.8,52.6,52.9
101.5,48.4,54.0,52.7,52.8
102.0,48.5,54.1,52.9,52.6
102.5,48.6,54.2,53.0,52.8
103.0,48.7,54.3,53.1,53.4
103.5,48.8,54.5,53.4,54.1
104.0,48.8,54.6,53.4,55.1
104.5,49.1,54.9,53.6,56.2
105.0,49.2,54.9,53.7,57.3
105.5,49.3,55.1,53.8,58.4
106.0,49.5,55.3,54.1,59.5
106.5,49.7,55.5,54.3,60.5
107.0,49.7,55.5,54.3,61.3
107.5,49.8,55.7,54.6,61.8
108.0,50.0,55.9,54.7,62.0
108.5,50.0,56.1,54.8,61.9
109.0,50.2,56.2,54.9,61.8
109.5,50.2,56.2,55.0,62.0
110.0,50.4,56.4,55.1,62.1
110.5,50.4,56.3,55.2,62.2
111.0,50.6,56.5,55.4,62.4
111.5,50.6,56.7,55.5,62.5
112.0,50.6,56.7,55.5,62.7
112.5,50.6,56.7,55.5,62.8
113.0,50.9,57.0,56.0,63.0
113.5,50.9,57.0,56.0,63.1
114.0,51.1,57.3,56.0,63.2
114.5,51.2,57.3,56.2,63.4
115.0,51.4,57.6,56.4,63.5
115.5,51.5,57.8,56.5,63.7
116.0,51.6,57.8,56.6,63.8
116.5,51.7,57.9,56.8,64.0
117.0,51.8,58.0,57.0,64.1
117.5,51.8,58.2,57.0,64.3
118.0,52.1,58.4,57.2,64.4
118.5,52.1,58.5,57.3,64.8
119.0,52.2,58.6,57.4,65.1
119.5,52.3,58.7,57.6,65.1
120.0,52.3,58.7,57.6,64.9
120.5,52.3,58.7,57.6,64.5
121.0,52.3,58.7,57.5,63.9
121.5,53.2,59.7,58.4,63.2
122.0,53.6,60.0,58.8,62.5
122.5,53.9,60.2,59.0,61.7
123.0,54.2,60.6,59.4,61.0
123.5,54.3,60.8,59.6,60.5
124.0,54.6,60.9,59.8,60.0
124.5,54.6,60.9,59.8,59.8
125.0,54.8,61.2,60.0,59.9
125.5,55.0,61.4,60.3,60.3
126.0,55.0,61.4,60.3,60.6
126.5,55.1,61.6,60.5,60.7
127.0,55.2,61.8,60.6,60.8
127.5,55.4,62.0,60.7,60.9
128.0,55.4,62.0,60.8,61.0
128.5,55.4,62.0,60.8,61.1
129.0,55.5,62.2,60.9,61.2
129.5,55.8,62.2,61.0,61.3
130.0,55.8,62.4,61.1,61.5
130.5,55.9,62.6,61.3,61.6
131.0,56.0,62.8,61.6,61.7
131.5,56.1,62.9,61.7,61.8
132.0,56.3,63.0,61.7,62.0
132.5,56.3,63.0,61.7,62.1
133.0,56.4,63.2,61.9,62.2
133.5,56.4,63.2,62.0,62.3
134.0,56.5,63.4,62.1,62.4
134.5,56.6,63.6,62.3,62.5
135.0,56.7,63.7,62.4,62.6
135.5,56.8,63.7,62.4,62.7
136.0,56.9,63.8,62.6,62.8
136.5,56.9,63.8,62.7,62.9
137.0,57.0,64.1,62.8,63.0
137.5,57.2,64.2,62.9,63.1
138.0,57.3,64.3,63.0,63.2
138.5,57.3,64.3,63.1,63.3
139.0,57.5,64.5,63.2,63.4
139.5,57.5,64.6,63.3,63.5
140.0,57.7,64.7,63.4,63.7
140.5,57.8,64.8,63.6,63.8
141.0,57.9,64.9,63.7,63.9
141.5,58.0,65.0,63.7,64.0
142.0,58.0,65.0,63.7,64.1
142.5,58.1,65.1,64.1,64.2
143.0,58.1,65.3,64.2,64.3
143.5,58.2,65.3,64.2,64.4
144.0,58.3,65.4,64.2,64.5
144.5,58.5,65.5,64.4,64.6
145.0,58.5,65.6,64.5,64.6
145.5,58.5,65.6,64.5,64.7
146.0,58.7,65.7,64.6,64.8
146.5,58.8,65.8,64.7,64.9
147.0,58.9,66.0,64.9,65.0
147.5,58.9,66.0,64.9,65.1
148.0,58.9,66.0,65.0,65.1
148.5,59.0,66.2,65.0,65.2
149.0,59.0,66.3,65.1,65.3
149.5,59.1,66.4,65.2,65.4
150.0,59.1,66.5,65.3,65.5
150.5,59.1,66.5,65.3,65.6
151.0,59.2,66.6,65.4,65.6
151.5,59.3,66.6,65.4,65.6
152.0,59.4,66.6,65.5,65.7
152.5,59.4,66.7,65.6,65.7
153.0,59.4,66.7,65.7,65.7
153.5,59.5,66.7,65.6,65.7
154.0,59.5,66.7,65.6,65.8
154.5,59.5,66.7,65.6,65.8
155.0,59.5,66.7,65.6,65.9
155.5,59.6,66.8,65.8,65.9
156.0,59.7,66.9,65.8,65.9
156.5,59.8,67.0,66.0,66.0
157.0,59.9,67.1,66.1,66.0
157.5,60.0,67.2,66.1,66.1
158.0,60.0,67.3,66.1,66.1
158.5,60.0,67.3,66.1,66.1
159.0,60.0,67.3,66.1,66.2
159.5,60.0,67.3,66.2,66.2
160.0,60.2,67.3,66.3,66.3
160.5,60.1,67.4,66.3,66.3
161.0,60.2,67.4,66.3,66.4
161.5,60.2,67.4,66.4,66.4
162.0,60.4,67.5,66.4,66.5
162.5,60.4,67.5,66.5,66.5
163.0,60.4,67.5,66.5,66.6
163.5,60.4,67.7,66.5,66.6
164.0,60.4,67.7,66.6,66.7
164.5,60.4,67.7,66.7,66.7
165.0,60.5,67.7,66.7,66.8
165.5,60.7,67.9,66.9,66.9
166.0,60.7,67.9,66.9,66.9
166.5,60.7,68.0,66.9,67.0
167.0,60.8,68.0,67.1,67.0
167.5,60.8,68.0,67.1,67.1
168.0,60.9,68.1,67.2,67.2
168.5,61.0,68.3,67.2,67.2
169.0,61.1,68.3,67.3,67.3
169.5,61.2,68.3,67.2,67.3
170.0,61.2,68.4,67.4,67.4
170.5,61.2,68.4,67.4,67.5
171.0,61.3,68.4,67.4,67.5
171.5,61.3,68.5,67.5,67.6
172.0,61.3,68.6,67.7,67.6
172.5,61.4,68.7,67.8,67.7
173.0,61.6,68.7,67.9,67.8
173.5,61.7,68.8,68.0,67.8
174.0,61.7,68.8,67.9,67.9
174.5,61.8,68.9,67.9,67.9
175.0,61.8,68.9,68.0,68.0
175.5,61.7,69.1,68.0,68.1
176.0,61.8,69.1,68.0,68.1
176.5,61.8,69.1,68.2,68.2
177.0,62.1,69.3,68.3,68.2
177.5,62.0,69.3,68.3,68.3
178.0,62.0,69.3,68.3,68.3
178.5,62.0,69.3,68.3,68.4
179.0,62.0,69.3,68.3,68.4
179.5,62.0,69.3,68.3,68.5
180.0,62.4,69.7,68.7,68.6
180.5,62.4,69.7,68.7,68.7
181.0,62.5,69.7,68.7,68.8
181.5,62.5,69.8,68.8,68.9
182.0,62.6,69.7,69.0,69.0
182.5,62.6,69.8,68.9,69.2
183.0,62.6,69.8,68.9,69.3
183.5,62.6,69.8,68.9,69.4
184.0,62.9,70.2,69.3,69.6
184.5,63.2,70.4,69.7,69.7
185.0,63.5,70.7,70.0,69.8
185.5,63.7,70.9,70.1,70.0
186.0,63.9,71.1,70.4,70.1
186.5,64.0,71.1,70.4,70.2
187.0,64.1,71.2,70.5,70.3
187.5,64.2,71.4,70.7,70.4
188.0,64.2,71.4,70.7,70.5
188.5,64.2,71.4,70.7,70.5
189.0,64.2,71.4,70.7,70.6
189.5,64.3,71.4,70.7,70.6
190.0,64.3,71.4,70.7,70.7
190.5,64.3,71.4,70.8,70.7
191.0,64.4,71.5,70.8,70.7
191.5,64.4,71.5,70.8,70.7
192.0,64.4,71.6,70.7,70.7
192.5,64.4,71.6,70.7,70.7
193.0,64.4,71.5,70.6,70.6
193.5,64.3,71.6,70.6,70.6
194.0,64.3,71.6,70.6,70.6
194.5,64.3,71.6,70.6,70.6
195.0,64.3,71.6,70.5,70.6
195.5,64.3,71.5,70.5,70.6
196.0,64.2,71.6,70.6,70.7
196.5,64.2,71.5,70.6,70.7
197.0,64.2,71.5,70.5,70.7
197.5,64.2,71.5,70.5,70.7
198.0,64.2,71.5,70.5,70.7
198.5,64.3,71.6,70.6,70.7
199.0,64.3,71.6,70.7,70.7
199.5,64.2,71.5,70.7,70.7
200.0,64.3,71.7,70.7,70.8
200.5,64.3,71.8,70.8,70.8
201.0,64.3,71.8,70.8,70.8
201.5,64.4,71.8,70.8,70.9
202.0,64.3,71.7,70.8,70.9
202.5,64.3,71.7,70.8,71.0
203.0,64.3,71.8,70.8,71.0
203.5,64.6,71.9,71.0,71.0
204.0,64.6,71.9,71.0,71.1
204.5,64.6,71.9,71.0,71.2
205.0,64.6,71.8,71.0,71.2
205.5,64.6,71.9,71.1,71.2
206.0,64.6,72.0,71.1,71.3
206.5,64.5,72.0,71.2,71.4
207.0,64.5,72.0,71.2,71.4
207.5,64.6,72.0,71.2,71.4
208.0,64.6,72.1,71.3,71.5
208.5,64.6,72.1,71.3,71.5
209.0,64.6,72.1,71.3,71.6
209.5,64.6,72.1,71.4,71.6
210.0,64.8,72.3,71.5,71.6
210.5,64.8,72.3,71.6,71.6
211.0,64.7,72.3,71.6,71.7
211.5,64.8,72.4,71.6,71.7
212.0,64.9,72.3,71.6,71.7
212.5,65.0,72.4,71.6,71.7
213.0,65.0,72.5,71.6,71.7
213.5,65.0,72.4,71.7,71.8
214.0,65.0,72.4,71.7,71.8
214.5,65.0,72.4,71.7,71.8
215.0,65.0,72.4,71.8,71.8
215.5,65.0,72.4,71.9,71.8
216.0,65.0,72.4,71.9,71.9
216.5,65.0,72.5,71.8,71.9
217.0,65.1,72.6,71.9,71.9
217.5,65.0,72.6,71.9,71.9
218.0,65.1,72.6,71.9,71.9
218.5,65.3,72.6,71.9,71.9
219.0,65.4,72.8,72.2,72.0
219.5,65.4,72.7,72.1,72.0
220.0,65.3,72.7,72.1,72.0
220.5,65.4,72.7,72.0,72.0
221.0,65.3,72.6,72.1,72.0
221.5,65.2,72.6,72.0,72.1
222.0,65.3,72.6,72.0,72.1
222.5,65.3,72.6,72.1,72.1
223.0,65.3,72.8,72.1,72.2
223.5,65.3,72.8,72.1,72.2
224.0,65.3,72.8,72.1,72.2
224.5,65.3,72.8,72.1,72.2
225.0,65.3,72.8,72.1,72.3
225.5,65.3,72.8,72.1,72.3
226.0,65.6,73.0,72.3,72.3
226.5,65.6,73.1,72.4,72.4
227.0,65.7,73.0,72.5,72.4
227.5,65.6,73.0,72.4,72.4
228.0,65.6,73.0,72.4,72.5
228.5,65.6,73.0,72.5,72.5
229.0,65.6,73.0,72.5,72.5
229.5,65.6,73.0,72.5,72.6
230.0,65.8,73.2,72.7,72.6
230.5,65.8,73.2,72.7,72.7
231.0,65.8,73.2,72.7,72.7
231.5,65.8,73.2,72.7,72.8
232.0,65.9,73.2,72.6,72.8
232.5,65.9,73.2,72.7,72.8
233.0,66.0,73.3,72.8,72.9
233.5,66.0,73.3,72.8,72.9
234.0,66.0,73.4,72.8,73.0
234.5,66.0,73.4,72.8,73.0
235.0,66.0,73.5,72.9,73.0
235.5,66.1,73.5,73.0,73.1
236.0,66.1,73.5,72.9,73.1
236.5,66.0,73.5,72.9,73.1
237.0,66.0,73.5,73.0,73.2
237.5,66.1,73.7,73.1,73.2
238.0,66.0,73.7,73.1,73.2
238.5,66.1,73.6,73.1,73.3
239.0,66.0,73.7,73.1,73.3
239.5,66.1,73.7,73.1,73.3
240.0,66.1,73.7,73.1,73.3
240.5,66.2,73.7,73.2,73.4
241.0,66.2,73.7,73.2,73.4
241.5,66.3,73.8,73.3,73.4
242.0,66.3,73.8,73.3,73.4
242.5,66.4,73.9,73.4,73.5
243.0,66.4,73.9,73.4,73.5
243.5,66.4,73.9,73.4,73.5
244.0,66.4,73.9,73.5,73.5
244.5,66.5,73.9,73.5,73.6
245.0,66.5,74.0,73.6,73.6
245.5,66.5,74.0,73.6,73.6
246.0,66.4,73.9,73.6,73.6
246.5,66.6,74.0,73.6,73.7
247.0,66.6,74.0,73.6,73.7
247.5,66.6,74.0,73.7,73.7
248.0,66.6,74.0,73.7,73.8
248.5,66.7,74.0,73.7,73.8
249.0,66.7,74.1,73.7,73.8
249.5,66.7,74.2,73.7,73.8
250.0,66.7,74.2,73.8,73.8
250.5,66.7,74.3,73.9,73.8
251.0,66.7,74.3,73.9,73.9
251.5,66.7,74.3,73.9,73.9
252.0,66.8,74.3,73.9,73.8
252.5,66.7,74.3,74.0,73.8
253.0,66.7,74.3,74.0,73.8
253.5,66.8,74.4,74.0,73.8
254.0,66.8,74.4,74.0,73.8
254.5,66.8,74.3,74.0,73.9
255.0,66.8,74.3,74.0,73.9
255.5,66.8,74.3,74.0,74.0
256.0,66.8,74.3,74.0,74.1
256.5,66.8,74.3,74.0,74.1
257.0,66.8,74.3,74.0,74.2
257.5,66.8,74.3,74.0,74.3
258.0,66.8,74.3,74.0,74.5
258.5,66.8,74.3,74.0,74.6
259.0,67.8,75.2,74.7,74.7
259.5,68.1,75.5,75.0,74.9
260.0,68.5,75.8,75.4,75.0
260.5,68.5,75.9,75.5,75.1
261.0,68.7,76.0,75.6,75.3
261.5,68.7,76.0,75.6,75.4
262.0,68.8,76.1,75.7,75.5
262.5,68.9,76.2,75.7,75.6
263.0,68.8,76.2,75.7,75.7
263.5,68.8,76.1,75.8,75.8
264.0,68.8,76.2,75.8,75.9
264.5,68.8,76.2,75.9,75.9
265.0,68.8,76.2,75.8,76.0
265.5,68.8,76.3,75.9,76.0
266.0,68.7,76.3,75.9,76.1
266.5,68.7,76.2,75.9,75.9
267.0,68.7,76.2,75.9,75.9
267.5,68.7,76.2,75.9,75.9
268.0,68.7,76.2,75.9,75.9
268.5,68.7,76.3,75.9,75.9
269.0,68.7,76.4,75.9,75.9
269.5,68.7,76.4,76.0,75.9
270.0,68.7,76.4,76.0,75.9
270.5,68.7,76.3,76.0,75.9
271.0,68.7,76.3,76.0,75.9
271.5,68.6,76.3,76.0,75.9
272.0,68.6,76.3,76.0,75.9
272.5,68.6,76.3,75.9,75.9
273.0,68.6,76.3,75.9,75.9
273.5,68.6,76.2,75.9,75.9
274.0,68.6,76.2,75.9,75.9
274.5,68.5,76.2,75.9,75.9
275.0,68.5,76.2,75.8,75.9
275.5,68.5,76.2,75.8,75.9
276.0,68.5,76.2,75.8,75.9
276.5,68.5,76.2,75.8,75.9
277.0,68.5,76.2,75.8,75.9
277.5,68.5,76.2,75.8,75.9
278.0,68.5,76.2,75.9,75.9
278.5,68.5,76.1,75.9,75.9
279.0,68.5,76.2,75.9,75.9
279.5,68.7,76.2,76.0,75.9
280.0,68.7,76.2,76.1,75.9
280.5,68.7,76.3,76.0,75.9
281.0,68.7,76.3,76.0,75.9
281.5,68.7,76.3,76.0,75.9
282.0,68.7,76.3,76.0,75.9
282.5,68.6,76.3,76.0,75.9
283.0,68.6,76.2,76.0,75.9
283.5,68.6,76.2,75.9,75.8
284.0,68.6,76.1,76.0,75.8
284.5,68.6,76.2,76.0,75.8
285.0,68.6,76.2,76.0,75.8
285.5,68.7,76.3,76.0,75.8
286.0,68.6,76.3,76.0,75.8
286.5,68.7,76.3,76.0,75.8
287.0,68.7,76.2,76.0,75.8
287.5,68.7,76.3,76.0,75.8
288.0,68.7,76.2,76.0,75.8
288.5,68.7,76.2,76.1,75.8
289.0,68.6,76.2,75.9,75.8
289.5,68.6,76.2,75.9,75.8
290.0,68.7,76.3,76.0,75.8
290.5,68.7,76.3,76.0,75.8
291.0,68.7,76.3,76.0,75.9
291.5,68.6,76.2,76.0,75.9
292.0,68.7,76.2,76.0,75.9
292.5,68.7,76.2,76.0,75.9
293.0,68.8,76.3,76.1,75.9
293.5,68.8,76.3,76.1,76.0
294.0,68.8,76.3,76.1,76.0
294.5,68.9,76.5,76.1,76.0
295.0,68.9,76.6,76.1,76.0
295.5,69.0,76.6,76.2,76.1
296.0,68.9,76.5,76.3,76.1
296.5,68.9,76.6,76.3,76.1
297.0,68.9,76.6,76.3,76.2
297.5,68.9,76.6,76.3,76.2
298.0,68.9,76.5,76.4,76.2
298.5,69.0,76.5,76.4,76.3
299.0,69.0,76.5,76.2,76.3
299.5,69.0,76.5,76.3,76.3
300.0,69.0,76.6,76.4,76.4
300.5,69.0,76.6,76.5,76.4
301.0,69.0,76.6,76.5,76.4
301.5,69.0,76.6,76.5,76.5
302.0,69.1,76.6,76.5,76.5
302.5,69.1,76.6,76.5,76.5
303.0,69.1,76.7,76.5,76.5
303.5,69.1,76.8,76.5,76.6
304.0,69.2,76.8,76.6,76.6
304.5,69.2,76.8,76.6,76.6
305.0,69.2,76.8,76.6,76.7
305.5,69.2,76.8,76.6,76.7
306.0,69.2,76.8,76.6,76.7
306.5,69.2,76.8,76.6,76.7
307.0,69.2,76.8,76.6,76.7
307.5,69.2,76.8,76.6,76.8
308.0,69.2,76.8,76.7,76.8
308.5,69.1,76.8,76.7,76.8
309.0,69.2,76.8,76.8,76.8
309.5,69.2,76.9,76.8,76.8
310.0,69.3,76.9,76.8,76.8
310.5,69.2,76.9,76.8,76.8
311.0,69.2,76.8,76.9,76.8
311.5,69.3,76.8,76.8,76.8
312.0,69.2,76.8,76.8,76.8
312.5,69.2,76.8,76.8,76.8
313.0,69.2,76.8,76.8,77.0
313.5,69.3,76.8,76.8,77.0
314.0,69.3,76.9,76.9,77.1
314.5,69.3,76.9,76.7,77.1
315.0,69.4,77.0,76.9,77.0
315.5,69.3,77.0,77.0,76.9
316.0,69.4,77.0,77.1,76.8
316.5,69.4,77.0,77.0,76.7
317.0,69.4,77.0,77.0,76.5
317.5,69.3,77.0,76.9,76.3
318.0,69.4,77.0,76.9,76.1
318.5,69.4,77.0,76.9,75.8
319.0,69.4,77.0,76.9,75.6
319.5,69.4,77.0,76.9,75.3
320.0,69.4,77.0,76.9,75.0
320.5,69.4,77.0,76.9,74.8
321.0,69.4,77.0,76.8,74.5
321.5,69.4,77.0,76.8,74.2
322.0,69.3,76.9,76.8,73.9
322.5,69.3,76.8,76.8,73.6
323.0,69.3,76.8,76.8,73.3
323.5,69.4,77.0,76.8,73.1
324.0,69.5,77.0,76.9,72.9
324.5,69.4,77.0,76.9,72.8
325.0,69.4,77.0,76.9,72.8
325.5,69.4,77.0,76.9,72.9
326.0,69.5,77.2,77.0,73.0
326.5,69.4,77.2,77.0,73.2
327.0,69.4,77.2,77.1,73.5
327.5,69.5,77.3,77.1,73.8
328.0,69.5,77.3,77.2,74.2
328.5,69.6,77.3,77.3,74.5
329.0,69.5,77.3,77.2,74.8
329.5,69.5,77.3,77.3,75.1
330.0,69.6,77.3,77.2,75.3
330.5,69.6,77.3,77.3,75.6
331.0,69.6,77.3,77.2,75.9
331.5,69.6,77.3,77.3,76.3
332.0,69.6,77.3,77.2,76.6
332.5,69.6,77.3,77.3,76.8
333.0,69.6,77.3,77.3,77.0
333.5,69.6,77.3,77.2,77.2
334.0,69.6,77.3,77.2,77.3
334.5,69.6,77.3,77.2,77.3
335.0,69.6,77.3,77.3,77.3
335.5,69.8,77.3,77.5,77.2
336.0,69.8,77.3,77.4,77.0
336.5,69.8,77.3,77.4,76.8
337.0,69.8,77.3,77.4,76.5
337.5,69.8,77.3,77.4,76.3
338.0,69.8,77.3,77.5,76.2
338.5,69.8,77.3,77.5,76.0
339.0,69.9,77.3,77.5,75.9
339.5,69.9,77.3,77.4,75.8
340.0,69.8,77.3,77.4,75.7
340.5,69.8,77.3,77.4,75.6
341.0,69.8,77.3,77.4,75.6
341.5,69.8,77.3,77.4,75.6
342.0,69.8,77.3,77.5,75.6
342.5,69.8,77.3,77.5,75.7
343.0,69.8,77.3,77.5,75.8
343.5,69.8,77.3,77.5,75.9
344.0,69.8,77.3,77.4,76.1
344.5,69.7,77.3,77.4,76.3
345.0,69.7,77.3,77.4,76.5
345.5,69.7,77.3,77.4,76.8
346.0,69.8,77.3,77.4,77.1
346.5,70.3,77.7,77.9,77.4
347.0,70.5,77.9,78.2,77.6
347.5,70.8,78.1,78.4,77.8
348.0,71.0,78.4,78.6,78.0
348.5,71.1,78.6,78.8,78.2
349.0,71.2,78.6,78.8,78.3
349.5,71.3,78.5,78.9,78.5
350.0,71.3,78.6,78.8,78.5
350.5,71.3,78.6,78.8,78.6
351.0,71.3,78.6,79.0,78.7
351.5,71.3,78.6,78.8,78.7
352.0,71.3,78.6,79.0,78.7
352.5,71.2,78.6,79.0,78.7
353.0,71.3,78.6,78.9,78.7
353.5,71.3,78.6,78.8,78.7
354.0,71.3,78.6,78.8,78.7
354.5,71.3,78.6,78.8,78.7
355.0,71.2,78.6,78.8,78.6
355.5,71.1,78.6,78.8,78.6
356.0,71.0,78.6,78.7,78.6
356.5,71.0,78.6,78.8,78.5
357.0,71.0,78.6,78.8,78.5
357.5,71.0,78.6,78.7,78.5
358.0,71.0,78.6,78.7,78.5
358.5,70.9,78.6,78.7,78.4
359.0,70.9,78.5,78.6,78.4
359.5,70.8,78.4,78.6,78.4
360.0,70.8,78.4,78.6,78.4
360.5,70.8,78.4,78.5,78.4
361.0,70.8,78.3,78.6,78.4
361.5,70.8,78.3,78.5,78.3
362.0,70.8,78.3,78.5,78.3
362.5,70.8,78.3,78.6,78.3
363.0,70.8,78.3,78.6,78.3
363.5,70.8,78.4,78.6,78.3
364.0,70.8,78.3,78.6,78.3
364.5,70.8,78.3,78.6,78.3
365.0,70.8,78.3,78.5,78.3
365.5,70.8,78.3,78.5,78.3
366.0,70.8,78.2,78.5,78.3
366.5,70.8,78.2,78.5,78.3
367.0,70.8,78.2,78.5,78.3
367.5,70.7,78.2,78.5,78.3
368.0,70.7,78.2,78.5,78.3
368.5,70.7,78.2,78.5,78.2
369.0,70.7,78.2,78.5,78.2
369.5,70.7,78.2,78.5,78.2
370.0,70.7,78.1,78.5,78.2
370.5,70.6,78.2,78.4,78.2
371.0,70.6,78.2,78.3,78.2
371.5,70.6,78.0,78.3,78.2
372.0,70.6,78.0,78.4,78.1
372.5,70.6,78.1,78.4,78.1
373.0,70.5,78.1,78.3,78.1
373.5,70.5,78.1,78.3,78.1
374.0,70.5,78.1,78.3,78.1
374.5,70.5,78.1,78.3,78.1
375.0,70.5,78.1,78.4,78.1
375.5,70.5,78.0,78.4,78.1
376.0,70.5,78.0,78.3,78.1
376.5,70.5,78.1,78.3,78.1
377.0,70.5,78.1,78.3,78.1
377.5,70.6,78.1,78.3,78.1
378.0,70.6,78.0,78.3,78.1
378.5,70.6,78.0,78.3,78.1
379.0,70.6,78.0,78.2,78.1
379.5,70.5,78.0,78.3,78.1
380.0,70.6,78.0,78.3,78.1
380.5,70.7,78.0,78.3,78.1
381.0,70.6,78.1,78.4,78.1
381.5,70.6,78.1,78.4,78.1
382.0,70.6,78.0,78.4,78.1
382.5,70.6,78.1,78.3,78.1
383.0,70.6,78.1,78.3,78.1
383.5,70.6,78.0,78.4,78.1
384.0,70.6,78.0,78.4,78.1
384.5,70.6,78.0,78.5,78.1
385.0,70.6,78.0,78.5,78.1
385.5,70.6,78.1,78.5,78.1
386.0,70.6,78.1,78.5,78.1
386.5,70.6,78.0,78.4,78.1
387.0,70.6,78.0,78.4,78.1
387.5,70.6,78.1,78.5,78.1
388.0,70.6,78.1,78.5,78.2
388.5,70.6,78.1,78.4,78.2
389.0,70.6,78.1,78.4,78.2
389.5,70.6,78.1,78.4,78.2
390.0,70.6,78.1,78.4,78.3
390.5,70.6,78.0,78.5,78.3
391.0,70.6,78.1,78.4,78.4
391.5,70.7,78.1,78.4,78.4
392.0,70.7,78.2,78.4,78.5
392.5,70.7,78.3,78.5,78.5
393.0,70.7,78.2,78.5,78.4
393.5,70.7,78.2,78.5,78.3
394.0,70.7,78.2,78.5,78.2
394.5,70.7,78.2,78.4,78.1
395.0,70.6,78.3,78.5,77.9
395.5,70.7,78.3,78.5,77.6
396.0,70.7,78.3,78.5,77.4
396.5,70.7,78.3,78.6,77.1
397.0,70.6,78.2,78.6,76.9
397.5,70.5,78.2,78.6,76.7
398.0,70.5,78.1,78.5,76.5
398.5,70.5,78.1,78.5,76.4
399.0,70.5,78.1,78.4,76.3
399.5,70.5,78.1,78.4,76.2
400.0,70.5,78.0,78.3,76.2
400.5,70.5,78.1,78.3,76.1
401.0,70.5,78.2,78.4,76.2
401.5,70.5,78.2,78.4,76.2
402.0,70.5,78.2,78.4,76.3
402.5,70.5,78.2,78.5,76.4
403.0,70.5,78.2,78.4,76.5
403.5,70.5,78.1,78.4,76.7
404.0,70.4,78.1,78.4,76.9
404.5,70.5,78.1,78.4,77.1
405.0,70.4,78.1,78.4,77.4
405.5,70.4,78.1,78.5,77.6
406.0,70.5,78.1,78.5,77.8
406.5,70.5,78.1,78.5,78.0
407.0,70.5,78.1,78.4,78.1
407.5,70.4,78.1,78.4,78.3
408.0,70.4,78.1,78.4,78.3
408.5,70.4,78.1,78.3,78.4
409.0,70.4,78.1,78.3,78.4
409.5,70.4,78.1,78.4,78.4
410.0,70.4,78.2,78.4,78.3
410.5,70.5,78.2,78.5,78.2
411.0,70.6,78.2,78.5,78.2
411.5,70.6,78.2,78.5,78.2
412.0,70.6,78.2,78.5,78.2
412.5,70.6,78.1,78.5,78.2
413.0,70.6,78.1,78.5,78.2
413.5,70.6,78.0,78.5,78.2
414.0,70.6,78.1,78.4,78.2
414.5,70.5,78.2,78.4,78.1
415.0,70.5,78.1,78.4,78.1
415.5,70.5,78.1,78.4,78.1
416.0,70.5,78.2,78.4,78.1
416.5,70.6,78.2,78.4,78.1
417.0,70.6,78.2,78.5,78.1
417.5,70.6,78.3,78.5,78.1
418.0,70.6,78.3,78.4,78.1
418.5,70.7,78.3,78.4,78.1
419.0,70.7,78.3,78.5,78.1
419.5,70.7,78.4,78.5,78.1
420.0,70.7,78.4,78.5,78.2
420.5,70.7,78.4,78.5,78.2
421.0,70.7,78.4,78.6,78.2
421.5,70.7,78.4,78.6,78.2
422.0,70.7,78.4,78.7,78.3
422.5,70.7,78.4,78.7,78.3
423.0,70.7,78.4,78.7,78.3
423.5,70.8,78.4,78.7,78.3
424.0,70.8,78.4,78.8,78.3
424.5,70.8,78.4,78.8,78.4
425.0,70.8,78.4,78.8,78.4
425.5,70.8,78.4,78.8,78.4
426.0,70.7,78.3,78.8,78.4
426.5,70.8,78.4,78.8,78.4
427.0,70.8,78.4,78.8,78.4
427.5,70.9,78.4,78.8,78.3
428.0,70.9,78.5,78.8,78.3
428.5,70.9,78.5,78.9,78.3
429.0,70.8,78.5,78.7,78.3
429.5,70.7,78.4,78.7,78.3
430.0,70.7,78.3,78.6,78.3
430.5,70.7,78.3,78.6,78.4
431.0,70.7,78.2,78.6,78.4
431.5,70.6,78.2,78.6,78.4
432.0,70.6,78.2,78.6,78.5
432.5,70.6,78.2,78.6,78.6
433.0,70.6,78.2,78.6,78.6
433.5,70.6,78.2,78.6,78.7
434.0,71.1,78.7,79.1,78.8
434.5,71.2,78.8,79.1,78.8
435.0,71.6,79.1,79.4,78.9
435.5,71.7,79.2,79.5,79.0
436.0,71.8,79.3,79.5,79.0
436.5,71.8,79.4,79.7,79.1
437.0,71.8,79.3,79.7,79.2
437.5,71.8,79.4,79.6,79.2
438.0,71.9,79.4,79.6,79.3
438.5,71.8,79.4,79.6,79.3
439.0,71.9,79.3,79.7,79.3
439.5,71.8,79.3,79.6,79.4
440.0,71.8,79.3,79.6,79.4
440.5,71.8,79.3,79.6,79.4
441.0,71.8,79.3,79.7,79.4
441.5,71.8,79.3,79.7,79.3
442.0,71.8,79.2,79.6,79.3
442.5,71.8,79.2,79.7,79.3
443.0,71.8,79.2,79.7,79.3
443.5,71.8,79.2,79.6,79.2
444.0,71.8,79.1,79.6,79.2
444.5,71.6,79.2,79.6,79.2
445.0,71.6,79.2,79.5,79.2
445.5,71.6,79.1,79.5,79.2
446.0,71.6,79.1,79.6,79.2
446.5,71.6,79.1,79.5,79.1
447.0,71.5,79.0,79.5,79.1
447.5,71.6,79.0,79.5,79.1
448.0,71.5,79.0,79.5,79.1
448.5,71.5,79.0,79.5,79.0
449.0,71.5,79.0,79.4,79.0
449.5,71.5,78.9,79.4,79.0
450.0,71.4,78.8,79.4,79.0
450.5,71.3,78.8,79.3,78.9
451.0,71.3,78.8,79.2,78.9
451.5,71.3,78.8,79.2,78.9
452.0,71.3,78.8,79.2,78.9
452.5,71.3,78.7,79.2,78.8
453.0,71.2,78.7,79.2,78.8
453.5,71.2,78.7,79.2,78.8
454.0,71.2,78.8,79.2,78.8
454.5,71.2,78.8,79.2,78.7
455.0,71.2,78.8,79.2,78.7
455.5,71.2,78.7,79.1,78.7
456.0,71.1,78.7,79.1,78.7
456.5,71.1,78.6,79.1,78.7
457.0,71.1,78.6,79.1,78.6
457.5,71.0,78.4,79.0,78.6
458.0,71.0,78.5,78.9,78.6
458.5,71.0,78.5,78.9,78.6
459.0,71.0,78.5,78.8,78.6
459.5,71.0,78.5,78.8,78.5
460.0,71.0,78.5,78.8,78.5
460.5,70.9,78.5,78.8,78.5
461.0,70.9,78.4,78.8,78.5
461.5,70.9,78.4,78.8,78.5
462.0,70.9,78.4,78.8,78.5
462.5,70.9,78.4,78.8,78.5
463.0,70.8,78.4,78.8,78.5
463.5,70.8,78.4,78.8,78.5
464.0,70.8,78.4,78.8,78.4
464.5,70.8,78.3,78.7,78.4
465.0,70.8,78.2,78.7,78.4
465.5,70.8,78.2,78.8,78.4
466.0,70.8,78.2,78.7,78.4
466.5,70.7,78.2,78.6,78.4
467.0,70.8,78.2,78.6,78.4
467.5,70.7,78.2,78.6,78.4
468.0,70.8,78.2,78.8,78.4
468.5,70.8,78.2,78.8,78.4
469.0,70.7,78.2,78.8,78.3
469.5,70.7,78.2,78.7,78.3
470.0,70.7,78.1,78.6,78.3
470.5,70.7,78.2,78.6,78.3
471.0,70.8,78.2,78.7,78.3
471.5,70.8,78.2,78.7,78.3
472.0,70.9,78.2,78.8,78.3
472.5,70.8,78.2,78.9,78.3
473.0,70.8,78.3,78.8,78.3
473.5,70.9,78.3,78.8,78.3
474.0,70.9,78.2,78.8,78.3
474.5,70.8,78.2,78.8,78.3
475.0,70.8,78.2,78.8,78.3
475.5,70.8,78.1,78.7,78.3
476.0,70.7,78.1,78.7,78.3
476.5,70.7,78.1,78.7,78.3
477.0,70.8,78.1,78.7,78.3
477.5,70.8,78.2,78.7,78.4
478.0,70.7,78.2,78.7,78.4
478.5,70.8,78.2,78.7,78.4
479.0,70.8,78.2,78.7,78.4
479.5,70.7,78.3,78.8,78.5
480.0,70.8,78.2,78.9,78.5
480.5,70.7,78.2,78.8,78.5
481.0,70.7,78.2,78.8,78.5
481.5,70.7,78.2,78.9,78.4
482.0,70.7,78.3,79.0,78.4
482.5,70.7,78.3,78.9,78.3
483.0,70.6,78.3,78.8,78.3
483.5,70.6,78.2,78.8,78.2
484.0,70.7,78.3,78.8,78.1
484.5,70.6,78.2,78.7,77.9
485.0,70.6,78.2,78.8,77.8
485.5,70.6,78.2,78.7,77.6
486.0,70.6,78.1,78.7,77.4
486.5,70.6,78.1,78.7,77.2
487.0,70.6,78.1,78.8,77.0
487.5,70.6,78.1,78.8,76.7
488.0,70.6,78.2,78.7,76.5
488.5,70.6,78.1,78.7,76.2
489.0,70.6,78.2,78.7,76.0
489.5,70.6,78.2,78.7,75.7
490.0,70.6,78.2,78.7,75.5
490.5,70.6,78.2,78.7,75.1
491.0,70.6,78.1,78.6,74.9
491.5,70.6,78.1,78.7,74.6
492.0,70.5,78.1,78.7,74.5
492.5,70.5,78.2,78.6,74.4
493.0,70.5,78.1,78.6,74.4
493.5,70.5,78.1,78.6,74.4
494.0,70.6,78.1,78.6,74.5
494.5,70.6,78.1,78.6,74.6
495.0,70.6,78.1,78.6,74.8
495.5,70.6,78.1,78.6,75.0
496.0,70.6,78.0,78.6,75.2
496.5,70.6,78.1,78.5,75.5
497.0,70.6,78.1,78.5,75.8
497.5,70.6,78.2,78.6,76.1
498.0,70.6,78.1,78.6,76.4
498.5,70.6,78.2,78.5,76.7
499.0,70.6,78.2,78.5,77.0
499.5,70.6,78.3,78.5,77.2
500.0,70.6,78.2,78.7,77.5
500.5,70.7,78.2,78.6,77.7
501.0,70.6,78.2,78.6,77.9
501.5,70.7,78.2,78.6,78.1
502.0,70.7,78.2,78.6,78.3
502.5,70.7,78.2,78.6,78.4
503.0,70.7,78.1,78.6,78.5
503.5,70.7,78.1,78.7,78.5
504.0,70.7,78.0,78.6,78.5
504.5,70.7,78.1,78.6,78.5
505.0,70.7,78.1,78.6,78.4
505.5,70.7,78.1,78.6,78.3
506.0,70.8,78.1,78.6,78.3
506.5,70.8,78.1,78.6,78.3
507.0,70.8,78.0,78.6,78.3
507.5,70.8,78.0,78.6,78.3
508.0,70.8,78.0,78.6,78.3
508.5,70.8,78.1,78.6,78.3
509.0,70.8,78.1,78.6,78.3
509.5,70.8,78.2,78.6,78.3
510.0,70.8,78.2,78.6,78.3
510.5,70.8,78.2,78.5,78.3
511.0,70.8,78.2,78.5,78.3
511.5,70.8,78.2,78.6,78.3
512.0,70.8,78.2,78.6,78.2
512.5,70.8,78.1,78.5,78.2
513.0,70.8,78.1,78.5,78.2
513.5,70.8,78.0,78.5,78.2
514.0,70.8,78.0,78.5,78.2
514.5,70.7,78.0,78.5,78.2
515.0,70.7,78.0,78.5,78.1
515.5,70.7,78.0,78.5,78.1
516.0,70.7,78.0,78.5,78.1
516.5,70.7,77.9,78.5,78.1
517.0,70.7,78.0,78.5,78.1
517.5,70.6,78.0,78.5,78.1
518.0,70.6,78.0,78.5,78.1
518.5,70.6,77.9,78.5,78.1
519.0,70.7,78.0,78.5,78.1
519.5,70.7,78.1,78.5,78.1
520.0,70.8,78.1,78.5,78.1
520.5,70.7,78.1,78.5,78.2
521.0,70.8,78.1,78.5,78.2
521.5,70.8,78.1,78.5,78.2
522.0,70.7,78.1,78.5,78.2
522.5,70.7,78.1,78.5,78.2
523.0,70.7,78.0,78.5,78.2
523.5,70.7,78.0,78.5,78.2
524.0,70.7,78.0,78.7,78.2
524.5,70.7,78.0,78.6,78.2
525.0,70.7,78.1,78.6,78.2
525.5,70.7,78.0,78.6,78.2
526.0,70.7,78.1,78.7,78.2
526.5,70.6,78.0,78.7,78.2
527.0,70.6,78.0,78.8,78.1
527.5,70.6,78.0,78.6,78.1
528.0,70.5,77.9,78.7,78.1
528.5,70.5,77.9,78.6,78.1
529.0,70.4,77.8,78.6,78.1
529.5,70.4,77.8,78.5,78.1
530.0,70.4,77.8,78.5,78.0
530.5,70.5,77.9,78.6,78.0
531.0,70.5,78.0,78.6,78.0
531.5,70.5,78.0,78.6,78.0
532.0,70.5,77.9,78.4,78.0
532.5,70.5,77.8,78.5,78.1
533.0,70.5,77.9,78.4,78.1
533.5,70.6,77.9,78.4,78.2
534.0,70.5,77.8,78.5,78.3
534.5,70.5,77.9,78.5,78.4
535.0,70.6,77.8,78.6,78.4
535.5,70.6,77.8,78.6,78.4
536.0,70.6,77.8,78.6,78.3
536.5,70.6,77.8,78.6,78.2
537.0,70.6,77.8,78.6,78.1
537.5,70.6,77.8,78.7,77.9
538.0,70.6,77.8,78.6,77.7
538.5,70.6,77.8,78.5,77.5
539.0,70.6,77.8,78.5,77.2
539.5,70.6,77.8,78.5,77.0
540.0,70.5,77.9,78.5,76.7
540.5,70.5,77.9,78.6,76.5
541.0,70.5,77.9,78.6,76.2
541.5,70.5,77.9,78.6,75.9
542.0,70.4,77.8,78.5,75.7
542.5,70.4,77.8,78.4,75.4
543.0,70.3,77.8,78.4,75.1
543.5,70.3,77.8,78.4,74.7
544.0,70.2,77.7,78.4,74.5
544.5,70.3,77.7,78.3,74.4
545.0,70.2,77.7,78.3,74.3
545.5,70.2,77.6,78.3,74.3
546.0,70.2,77.6,78.3,74.4
546.5,70.2,77.6,78.3,74.5
547.0,70.2,77.7,78.3,74.8
547.5,70.2,77.7,78.3,75.1
548.0,70.2,77.7,78.3,75.4
548.5,70.2,77.7,78.3,75.9
549.0,70.9,78.2,79.0,76.2
549.5,71.1,78.4,79.3,76.5
550.0,71.1,78.4,79.3,76.9
550.5,71.6,78.8,79.6,77.2
551.0,71.6,78.8,79.6,77.5
551.5,71.8,78.9,79.8,77.8
552.0,71.8,79.0,79.7,78.1
552.5,71.8,79.0,79.8,78.4
553.0,71.8,79.1,79.7,78.6
553.5,71.8,79.1,79.7,78.9
554.0,71.8,79.1,79.7,79.0
554.5,71.8,79.0,79.7,79.2
555.0,71.8,79.0,79.7,79.3
555.5,71.8,79.0,79.6,79.4
556.0,71.8,79.0,79.6,79.4
556.5,71.6,78.9,79.6,79.4
557.0,71.5,78.9,79.6,79.3
557.5,71.5,78.9,79.5,79.2
558.0,71.4,78.8,79.5,79.0
558.5,71.4,78.7,79.5,79.0
559.0,71.4,78.7,79.6,78.9
559.5,71.3,78.6,79.5,78.9
560.0,71.3,78.6,79.4,78.9
560.5,71.3,78.6,79.4,78.9
561.0,71.2,78.6,79.4,78.8
561.5,71.2,78.6,79.3,78.8
562.0,71.2,78.6,79.3,78.8
562.5,71.2,78.6,79.3,78.8
563.0,71.2,78.6,79.3,78.7
563.5,71.1,78.6,79.3,78.7
564.0,71.2,78.6,79.3,78.7
564.5,71.2,78.5,79.2,78.7
565.0,71.2,78.5,79.2,78.7
565.5,71.1,78.3,79.1,78.7
566.0,71.1,78.3,79.1,78.6
566.5,71.0,78.3,79.0,78.6
567.0,71.0,78.3,79.0,78.6
567.5,70.9,78.2,79.1,78.6
568.0,70.9,78.2,79.1,78.5
568.5,70.9,78.2,78.9,78.5
569.0,70.8,78.1,78.9,78.5
569.5,70.8,78.1,78.9,78.5
570.0,70.8,78.1,78.9,78.4
570.5,70.8,78.1,78.9,78.4
571.0,70.9,78.1,78.9,78.4
571.5,70.8,78.0,78.9,78.4
572.0,70.8,78.0,79.0,78.4
572.5,70.7,78.0,78.9,78.4
573.0,70.7,78.0,79.0,78.3
573.5,70.7,78.0,79.0,78.3
574.0,70.7,78.0,78.9,78.3
574.5,70.7,78.0,78.9,78.3
575.0,70.8,78.0,78.9,78.2
575.5,70.8,78.0,78.9,78.2
576.0,70.7,78.0,78.8,78.2
576.5,70.7,78.0,78.8,78.1
577.0,70.7,78.0,78.7,78.1
577.5,70.7,78.0,78.7,78.1
578.0,70.6,78.0,78.7,78.1
578.5,70.6,78.0,78.6,78.1
579.0,70.6,77.9,78.6,78.1
579.5,70.6,77.9,78.7,78.1
580.0,70.6,77.9,78.7,78.1
580.5,70.6,77.9,78.7,78.0
581.0,70.6,77.8,78.7,78.0
581.5,70.7,77.9,78.8,78.0
582.0,70.7,77.8,78.7,78.0
582.5,70.7,77.9,78.7,78.0
583.0,70.6,77.9,78.7,78.0
583.5,70.7,77.9,78.8,78.1
584.0,70.7,77.9,78.8,78.1
584.5,70.7,77.9,78.9,78.1
585.0,70.7,77.8,78.8,78.2
585.5,70.7,77.8,78.8,78.2
586.0,70.7,77.8,78.8,78.2
586.5,70.7,77.8,78.8,78.2
587.0,70.7,77.8,78.8,78.1
587.5,70.7,77.8,78.8,78.1
588.0,70.6,77.8,78.8,78.0
588.5,70.6,77.8,78.7,77.9
589.0,70.6,77.7,78.6,77.7
589.5,70.6,77.7,78.5,77.5
590.0,70.6,77.6,78.5,77.3
590.5,70.6,77.6,78.5,77.1
591.0,70.5,77.6,78.5,76.8
591.5,70.5,77.6,78.5,76.5
592.0,70.5,77.6,78.6,76.3
592.5,70.5,77.6,78.6,76.0
593.0,70.5,77.6,78.7,75.7
593.5,70.5,77.6,78.7,75.4
594.0,70.6,77.7,78.7,75.1
594.5,70.5,77.6,78.7,74.9
595.0,70.6,77.7,78.7,74.6
595.5,70.5,77.6,78.6,74.4
596.0,70.5,77.7,78.6,74.3
596.5,70.5,77.6,78.5,74.1
597.0,70.5,77.7,78.6,74.0
597.5,70.5,77.6,78.6,73.8
598.0,70.4,77.6,78.6,73.7
598.5,70.5,77.6,78.6,73.6
599.0,70.5,77.6,78.6,73.7
599.5,70.4,77.6,78.6,73.7
600.0,70.4,77.6,78.6,73.9
600.5,70.5,77.6,78.6,74.1
601.0,70.5,77.6,78.6,74.3
601.5,70.5,77.5,78.6,74.5
602.0,70.4,77.5,78.6,74.8
602.5,70.4,77.5,78.5,75.1
603.0,70.4,77.5,78.5,75.3
603.5,70.4,77.6,78.5,75.6
604.0,70.4,77.6,78.7,75.9
604.5,70.4,77.6,78.6,76.1
605.0,70.4,77.7,78.7,76.4
605.5,70.4,77.6,78.7,76.7
606.0,70.5,77.9,78.8,76.9
606.5,70.5,77.7,78.8,77.1
607.0,70.5,77.6,78.8,77.4
607.5,70.4,77.6,78.7,77.6
608.0,70.4,77.6,78.6,77.7
608.5,70.4,77.6,78.6,77.9
609.0,70.4,77.6,78.5,78.0
609.5,70.4,77.6,78.5,78.1
610.0,70.4,77.6,78.5,78.2
610.5,70.4,77.6,78.6,78.2
611.0,70.5,77.6,78.6,78.2
611.5,70.5,77.7,78.6,78.1
612.0,70.5,77.7,78.6,78.0
612.5,70.6,77.7,78.6,77.9
613.0,70.5,77.6,78.6,77.9
613.5,70.5,77.6,78.5,77.9
614.0,70.5,77.6,78.5,77.9
614.5,70.6,77.7,78.6,77.9
615.0,70.6,77.6,78.6,77.9
615.5,70.6,77.6,78.5,77.9
616.0,70.5,77.6,78.5,77.9
616.5,70.5,77.6,78.6,77.9
617.0,70.5,77.5,78.5,77.9
617.5,70.5,77.5,78.6,77.9
618.0,70.4,77.5,78.5,77.9
618.5,70.4,77.5,78.4,77.9
619.0,70.4,77.5,78.4,77.9
619.5,70.4,77.6,78.6,77.9
620.0,70.5,77.6,78.6,77.9
620.5,70.4,77.7,78.6,77.9
621.0,70.4,77.5,78.6,77.9
621.5,70.4,77.5,78.5,77.9
622.0,70.4,77.5,78.5,77.9
622.5,70.4,77.5,78.5,77.9
623.0,70.4,77.5,78.5,77.9
623.5,70.3,77.5,78.5,77.9
624.0,70.3,77.5,78.6,77.9
624.5,70.3,77.5,78.5,77.9
625.0,70.3,77.5,78.5,77.9
625.5,70.3,77.5,78.4,77.9
626.0,70.3,77.5,78.4,77.9
626.5,70.3,77.5,78.5,77.9
627.0,70.3,77.5,78.5,77.9
627.5,70.3,77.5,78.6,77.8
628.0,70.3,77.5,78.5,77.8
628.5,70.3,77.5,78.5,77.8
629.0,70.3,77.5,78.5,77.8
629.5,70.3,77.5,78.5,77.8
630.0,70.3,77.5,78.5,77.8
630.5,70.3,77.5,78.5,77.8
631.0,70.3,77.5,78.4,77.8
631.5,70.3,77.5,78.4,77.8
632.0,70.4,77.5,78.4,77.8
632.5,70.4,77.5,78.5,77.8
633.0,70.4,77.5,78.4,77.8
633.5,70.4,77.4,78.4,77.7
634.0,70.3,77.4,78.3,77.7
634.5,70.3,77.4,78.4,77.7
635.0,70.3,77.3,78.5,77.7
635.5,70.2,77.3,78.4,77.6
636.0,70.2,77.3,78.4,77.6
636.5,70.2,77.3,78.4,77.6
637.0,70.2,77.3,78.3,77.5
637.5,70.1,77.3,78.3,77.5
638.0,70.1,77.3,78.2,77.5
638.5,70.1,77.1,78.3,77.5
639.0,70.1,77.1,78.2,77.4
639.5,70.0,77.1,78.3,77.4
640.0,70.1,77.3,78.2,77.4
640.5,70.2,77.3,78.3,77.4
641.0,70.2,77.3,78.3,77.4
641.5,70.2,77.3,78.3,77.4
642.0,70.2,77.3,78.3,77.4
642.5,70.2,77.3,78.3,77.4
643.0,70.2,77.3,78.3,77.4
643.5,70.2,77.3,78.3,77.4
644.0,70.2,77.3,78.3,77.5
644.5,70.2,77.3,78.3,77.5
645.0,70.2,77.3,78.3,77.5
645.5,70.2,77.3,78.3,77.5
646.0,70.2,77.3,78.4,77.5
646.5,70.2,77.3,78.3,77.5
647.0,70.1,77.3,78.3,77.5
647.5,70.2,77.3,78.3,77.5
648.0,70.2,77.3,78.2,77.5
648.5,70.1,77.3,78.2,77.5
649.0,70.1,77.3,78.2,77.5
649.5,70.2,77.3,78.1,77.5
650.0,70.1,77.3,78.1,77.5
650.5,70.1,77.3,78.2,77.5
651.0,70.2,77.3,78.3,77.5
651.5,70.3,77.3,78.3,77.5
652.0,70.3,77.3,78.4,77.5
652.5,70.3,77.3,78.3,77.5
653.0,70.3,77.3,78.4,77.6
653.5,70.3,77.3,78.4,77.6
654.0,70.3,77.3,78.4,77.6
654.5,70.4,77.3,78.4,77.6
655.0,70.3,77.3,78.3,77.6
655.5,70.3,77.3,78.3,77.6
656.0,70.3,77.3,78.2,77.6
656.5,70.3,77.3,78.3,77.6
657.0,70.3,77.3,78.2,77.6
657.5,70.2,77.1,78.3,77.6
658.0,70.3,77.1,78.2,77.6
658.5,70.3,77.3,78.1,77.6
659.0,70.3,77.3,78.2,77.6
659.5,70.3,77.3,78.2,77.6
660.0,70.3,77.3,78.2,77.6
660.5,70.3,77.3,78.3,77.6
661.0,70.4,77.3,78.3,77.6
661.5,70.3,77.3,78.3,77.6
662.0,70.4,77.3,78.3,77.6
662.5,70.3,77.3,78.2,77.6
663.0,70.3,77.3,78.2,77.6
663.5,70.2,77.3,78.2,77.5
664.0,70.2,77.3,78.2,77.5
664.5,70.1,77.3,78.2,77.5
665.0,70.1,77.3,78.2,77.5
665.5,70.1,77.3,78.2,77.5
666.0,70.1,77.1,78.2,77.5
666.5,70.0,77.1,78.2,77.4
667.0,70.0,77.1,78.1,77.4
667.5,70.0,77.1,78.1,77.4
668.0,70.0,77.0,78.1,77.4
668.5,70.0,77.0,78.0,77.4
669.0,70.0,77.0,78.0,77.3
669.5,70.0,77.0,78.0,77.3
670.0,70.0,77.0,78.0,77.3
670.5,70.0,77.0,78.0,77.3
671.0,70.0,77.0,77.9,77.3
671.5,70.0,77.0,78.0,77.3
672.0,70.0,77.0,77.9,77.3
672.5,70.0,77.0,77.9,77.3
673.0,70.0,77.0,78.0,77.3
673.5,70.0,77.0,78.0,77.3
674.0,70.0,77.0,78.0,77.3
674.5,70.0,77.0,78.0,77.3
675.0,70.0,77.0,78.0,77.3
675.5,70.0,76.9,78.1,77.3
676.0,70.0,77.0,78.1,77.3
676.5,70.0,77.0,78.1,77.3
677.0,70.0,77.0,78.1,77.2
677.5,70.0,76.9,78.1,77.2
678.0,70.0,76.9,78.0,77.2
678.5,70.0,76.9,78.0,77.2
679.0,70.0,76.9,78.0,77.2
679.5,69.9,76.9,78.0,77.2
680.0,70.0,76.9,78.0,77.2
680.5,69.9,76.9,78.1,77.2
681.0,70.0,77.1,78.1,77.3
681.5,70.0,77.0,78.1,77.3
682.0,70.0,77.0,78.1,77.3
682.5,70.0,77.0,78.1,77.3
683.0,70.0,76.9,78.0,77.3
683.5,70.0,76.9,78.0,77.3
684.0,70.0,76.9,78.1,77.3
684.5,70.1,76.9,78.1,77.3
685.0,70.1,76.9,78.1,77.3
685.5,70.1,76.9,78.1,77.3
686.0,70.0,76.9,78.1,77.3
686.5,70.0,76.9,78.1,77.3
687.0,70.0,76.9,78.1,77.3
687.5,70.0,76.9,78.1,77.3
688.0,70.0,76.9,78.0,77.3
688.5,70.0,76.8,77.9,77.3
689.0,70.0,76.9,77.9,77.3
689.5,70.0,76.8,77.8,77.3
690.0,69.9,76.9,77.8,77.3
690.5,69.9,76.8,77.8,77.2
691.0,69.9,76.9,77.8,77.2
691.5,69.9,76.8,77.8,77.2
692.0,69.9,76.9,77.8,77.2
692.5,69.9,76.8,77.8,77.2
693.0,69.9,76.8,77.8,77.2
693.5,69.9,76.8,77.8,77.2
694.0,69.9,76.9,77.9,77.1
694.5,70.0,76.9,77.9,77.1
695.0,69.9,76.9,78.0,77.1
695.5,69.9,76.8,77.9,77.1
696.0,69.9,76.7,77.9,77.1
696.5,69.8,76.7,77.9,77.0
697.0,69.8,76.7,77.9,77.0
697.5,69.8,76.7,77.8,76.9
698.0,69.8,76.6,77.8,76.9
698.5,69.8,76.6,77.8,76.9
699.0,69.8,76.6,77.8,76.9
699.5,69.8,76.7,77.8,76.9
700.0,69.8,76.6,77.7,77.0
700.5,69.8,76.7,77.7,77.0
701.0,69.7,76.6,77.7,77.1
701.5,69.8,76.6,77.7,77.2
702.0,69.8,76.6,77.7,77.3
702.5,69.8,76.6,77.7,77.4
703.0,69.8,76.6,77.7,77.5
703.5,70.3,77.3,78.2,77.6
704.0,70.6,77.6,78.6,77.7
704.5,70.9,77.9,78.8,77.8
705.0,71.2,77.9,79.1,77.9
705.5,71.2,78.0,79.2,78.0
706.0,71.3,78.1,79.2,78.1
706.5,71.3,78.2,79.2,78.2
707.0,71.3,78.2,79.4,78.3
707.5,71.3,78.3,79.4,78.4
708.0,71.4,78.3,79.4,78.4
708.5,71.4,78.2,79.3,78.5
709.0,71.4,78.2,79.4,78.5
709.5,71.4,78.2,79.3,78.5
710.0,71.4,78.2,79.2,78.5
710.5,71.4,78.1,79.1,78.5
711.0,71.3,78.1,79.1,78.4
711.5,71.3,78.1,79.0,78.4
712.0,71.3,78.1,79.0,78.4
712.5,71.2,78.1,79.0,78.3
713.0,71.2,78.1,78.9,78.3
713.5,71.2,78.1,78.9,78.3
714.0,71.1,78.0,78.9,78.2
714.5,71.0,78.0,78.8,78.2
715.0,71.0,78.0,78.8,78.2
715.5,71.0,77.9,78.6,78.1
716.0,70.9,77.9,78.7,78.1
716.5,70.9,77.8,78.7,78.1
717.0,70.9,77.8,78.8,78.1
717.5,70.9,77.8,78.8,78.0
718.0,70.9,77.8,78.6,78.0
718.5,70.7,77.7,78.6,78.0
719.0,70.7,77.7,78.6,78.0
719.5,70.7,77.7,78.6,77.9
720.0,70.7,77.7,78.6,77.9
720.5,70.7,77.7,78.5,77.9
721.0,70.6,77.6,78.4,77.9
721.5,70.5,77.6,78.3,77.9
722.0,70.5,77.6,78.3,77.9
722.5,70.6,77.6,78.3,77.8
723.0,70.5,77.5,78.3,77.8
723.5,70.5,77.5,78.3,77.8
724.0,70.5,77.5,78.3,77.8
724.5,70.5,77.5,78.3,77.8
725.0,70.5,77.5,78.3,77.7
725.5,70.5,77.4,78.3,77.7
726.0,70.5,77.4,78.3,77.7
726.5,70.5,77.3,78.3,77.7
727.0,70.5,77.3,78.3,77.7
727.5,70.4,77.3,78.3,77.6
728.0,70.3,77.3,78.2,77.6
728.5,70.3,77.3,78.2,77.6
729.0,70.3,77.3,78.2,77.6
729.5,70.4,77.3,78.2,77.5
730.0,70.4,77.3,78.2,77.5
730.5,70.3,77.3,78.1,77.5
731.0,70.3,77.2,78.1,77.4
731.5,70.3,77.2,78.1,77.4
732.0,70.3,77.1,78.2,77.4
732.5,70.3,77.1,78.1,77.4
733.0,70.2,77.1,78.2,77.4
733.5,70.2,77.1,78.0,77.3
734.0,70.2,77.1,78.0,77.3
734.5,70.2,77.1,78.0,77.3
735.0,70.2,77.1,78.0,77.3
735.5,70.1,77.1,78.0,77.3
736.0,70.1,77.1,78.0,77.3
736.5,70.0,77.1,78.0,77.3
737.0,70.0,77.1,78.0,77.3
737.5,70.1,77.1,78.0,77.3
738.0,70.1,77.1,78.0,77.3
738.5,70.1,77.1,78.0,77.3
739.0,70.1,77.1,78.0,77.3
739.5,70.1,77.1,78.0,77.3
740.0,70.1,77.1,78.0,77.3
740.5,70.1,77.1,78.0,77.3
741.0,70.1,77.1,78.0,77.3
741.5,70.1,77.0,78.0,77.3
742.0,70.1,77.0,78.0,77.3
742.5,70.1,76.9,77.9,77.3
743.0,70.1,76.9,77.9,77.3
743.5,70.0,76.9,77.9,77.3
744.0,70.1,76.9,77.9,77.3
744.5,70.1,76.9,77.8,77.3
745.0,70.1,76.9,78.0,77.3
745.5,70.1,76.9,78.0,77.3
746.0,70.1,77.0,78.0,77.3
746.5,70.1,77.0,78.0,77.3
747.0,70.1,77.1,78.0,77.3
747.5,70.1,77.1,78.0,77.3
748.0,70.1,77.1,78.0,77.2
748.5,70.1,77.1,78.0,77.2
749.0,70.2,77.1,78.0,77.2
749.5,70.2,77.1,78.0,77.2
750.0,70.2,77.1,77.9,77.2
750.5,70.1,77.0,77.9,77.2
751.0,70.1,77.0,77.9,77.2
751.5,70.1,77.0,78.0,77.2
752.0,70.1,77.0,77.9,77.2
752.5,70.1,77.0,77.9,77.1
753.0,70.1,76.9,77.9,77.1
753.5,70.1,76.9,77.8,77.1
754.0,70.0,76.8,77.8,77.1
754.5,69.9,76.7,77.8,77.1
755.0,69.9,76.7,77.8,77.1
755.5,69.9,76.7,77.8,77.1
756.0,69.9,76.7,77.8,77.1
756.5,69.9,76.7,77.8,77.0
757.0,69.9,76.7,77.8,77.0
757.5,70.0,76.7,77.9,77.0
758.0,70.0,76.7,77.9,77.0
758.5,70.0,76.8,77.9,77.0
759.0,70.0,76.7,77.8,77.0
759.5,69.9,76.8,77.8,76.9
760.0,69.9,76.7,77.8,76.9
760.5,69.9,76.7,77.8,76.9
761.0,69.9,76.7,77.7,76.9
761.5,69.9,76.8,77.6,76.9
762.0,69.9,76.8,77.6,76.9
762.5,69.9,76.9,77.6,76.9
763.0,69.9,76.9,77.7,76.9
763.5,69.9,76.9,77.7,76.9
764.0,69.9,76.9,77.6,76.9
764.5,69.9,76.9,77.6,76.9
765.0,69.9,76.8,77.8,76.9
765.5,70.0,76.9,77.8,76.9
766.0,70.0,76.9,77.8,76.9
766.5,70.0,77.0,77.8,77.0
767.0,70.0,77.0,77.8,77.0
767.5,70.0,76.9,77.9,77.0
768.0,70.0,76.9,77.8,77.0
768.5,70.0,76.9,77.8,77.0
769.0,70.0,76.8,77.9,77.0
769.5,70.0,76.8,77.8,77.0
770.0,70.0,76.8,77.8,77.0
770.5,70.0,76.8,77.8,77.0
771.0,70.0,76.8,77.8,77.0
771.5,70.0,76.9,77.9,77.0
772.0,70.0,76.9,77.8,77.0
772.5,70.0,76.8,77.8,77.0
773.0,70.0,76.8,77.8,76.9
773.5,70.0,76.8,77.8,76.9
774.0,70.0,76.7,77.6,76.9
774.5,70.0,76.7,77.8,76.9
775.0,70.0,76.7,77.7,76.9
775.5,70.0,76.7,77.7,76.9
776.0,70.0,76.7,77.7,76.9
776.5,70.0,76.7,77.7,76.9
777.0,70.0,76.8,77.8,76.9
777.5,70.0,76.8,77.8,76.9
778.0,70.0,76.9,77.8,76.9
778.5,70.0,76.9,77.8,76.9
779.0,69.9,76.9,77.8,76.9
779.5,69.9,76.7,77.6,76.9
780.0,69.9,76.6,77.6,77.0
780.5,69.9,76.6,77.7,77.0
781.0,69.9,76.7,77.7,77.0
781.5,69.9,76.7,77.8,77.0
782.0,69.9,76.7,77.8,77.0
782.5,69.9,76.7,77.8,77.0
783.0,69.9,76.7,77.8,77.0
783.5,69.9,76.7,77.8,77.0
784.0,69.9,76.8,77.8,77.0
784.5,69.9,76.8,77.8,77.0
785.0,70.0,76.8,77.8,77.0
785.5,70.0,76.8,77.8,77.0
786.0,69.9,76.7,77.8,77.0
786.5,69.9,76.7,77.8,77.0
787.0,69.9,76.7,77.8,77.0
787.5,70.0,76.7,77.8,76.9
788.0,70.0,76.7,77.8,76.9
788.5,70.0,76.7,77.8,76.9
789.0,69.9,76.7,77.8,76.9
789.5,69.9,76.7,77.8,76.9
790.0,69.9,76.8,77.8,76.9
790.5,70.0,76.8,77.8,77.0
791.0,70.1,76.8,77.8,77.0
791.5,70.1,76.7,77.8,77.0
792.0,70.0,76.7,77.8,77.0
792.5,70.0,76.7,77.8,77.0
793.0,69.9,76.7,77.8,77.0
793.5,69.9,76.7,77.8,77.0
794.0,69.9,76.7,77.7,77.0
794.5,69.9,76.7,77.7,77.0
795.0,69.9,76.7,77.7,77.0
795.5,69.9,76.6,77.6,77.0
796.0,69.9,76.7,77.7,77.1
796.5,69.9,76.6,77.6,77.0
797.0,69.9,76.6,77.6,77.0
797.5,69.9,76.7,77.6,77.0
798.0,69.8,76.6,77.6,77.0
798.5,69.8,76.6,77.6,77.0
799.0,69.8,76.5,77.5,77.0
799.5,69.8,76.5,77.6,77.0
800.0,69.8,76.6,77.6,77.0
800.5,69.8,76.6,77.6,77.0
801.0,69.8,76.6,77.7,77.0
801.5,69.8,76.6,77.7,77.0
802.0,69.9,76.5,77.7,77.0
802.5,69.9,76.5,77.7,77.0
803.0,69.8,76.5,77.7,77.0
803.5,69.8,76.5,77.6,77.0
804.0,69.8,76.5,77.6,77.0
804.5,69.8,76.5,77.5,77.0
805.0,69.8,76.6,77.5,77.0
805.5,69.8,76.6,77.4,77.0
806.0,69.8,76.6,77.5,77.0
806.5,69.8,76.6,77.5,77.0
807.0,69.8,76.5,77.5,77.0
807.5,69.8,76.5,77.5,76.9
808.0,69.7,76.5,77.5,76.9
808.5,69.7,76.5,77.5,76.8
809.0,69.8,76.4,77.5,76.8
809.5,69.8,76.4,77.5,76.7
810.0,69.8,76.5,77.5,76.6
810.5,69.8,76.4,77.5,76.5
811.0,69.8,76.4,77.5,76.4
811.5,69.8,76.4,77.5,76.2
812.0,69.8,76.4,77.4,76.1
812.5,69.8,76.4,77.4,75.9
813.0,69.8,76.4,77.5,75.6
813.5,69.8,76.4,77.4,75.4
814.0,69.8,76.5,77.5,75.2
814.5,69.8,76.4,77.5,75.0
815.0,69.8,76.4,77.5,74.9
815.5,69.8,76.4,77.5,74.7
816.0,69.8,76.3,77.5,74.7
816.5,69.7,76.2,77.4,74.6
817.0,69.7,76.2,77.4,74.6
817.5,69.7,76.2,77.4,74.6
818.0,69.7,76.2,77.4,74.7
818.5,69.6,76.2,77.3,74.8
819.0,69.7,76.3,77.4,74.9
819.5,69.7,76.3,77.4,75.1
820.0,69.7,76.3,77.4,75.2
820.5,69.7,76.2,77.4,75.4
821.0,69.7,76.2,77.5,75.6
821.5,69.7,76.2,77.5,75.8
822.0,69.7,76.2,77.5,75.9
822.5,69.7,76.3,77.5,76.1
823.0,69.7,76.2,77.5,76.3
823.5,69.7,76.2,77.4,76.5
824.0,69.7,76.2,77.3,76.6
824.5,69.7,76.2,77.3,76.7
825.0,69.7,76.2,77.4,76.8
825.5,69.7,76.1,77.3,76.9
826.0,69.7,76.1,77.4,76.9
826.5,69.6,76.1,77.3,76.9
827.0,69.6,76.2,77.3,76.9
827.5,69.6,76.2,77.3,76.8
828.0,69.6,76.2,77.4,76.7
828.5,69.6,76.2,77.4,76.7
829.0,69.5,76.2,77.4,76.7
829.5,69.5,76.2,77.4,76.7
830.0,69.6,76.2,77.4,76.7
830.5,69.7,76.3,77.5,76.7
831.0,69.7,76.4,77.6,76.7
831.5,69.7,76.3,77.5,76.7
832.0,69.7,76.4,77.6,76.7
832.5,69.7,76.3,77.5,76.7
833.0,69.7,76.2,77.3,76.7
833.5,69.6,76.2,77.3,76.7
834.0,69.6,76.2,77.3,76.7
834.5,69.6,76.3,77.3,76.7
835.0,69.6,76.3,77.3,76.7
835.5,69.6,76.3,77.3,76.7
836.0,69.6,76.3,77.3,76.7
836.5,69.6,76.3,77.3,76.7
837.0,69.7,76.4,77.3,76.7
837.5,69.7,76.3,77.3,76.7
838.0,69.7,76.4,77.3,76.7
838.5,69.7,76.4,77.3,76.6
839.0,69.6,76.3,77.3,76.6
839.5,69.6,76.3,77.3,76.6
840.0,69.6,76.3,77.4,76.6
840.5,69.6,76.3,77.4,76.6
841.0,69.6,76.3,77.5,76.6
841.5,69.6,76.2,77.4,76.5
842.0,69.6,76.2,77.4,76.5
842.5,69.6,76.2,77.4,76.5
843.0,69.6,76.2,77.4,76.5
843.5,69.6,76.1,77.4,76.5
844.0,69.6,76.1,77.3,76.5
844.5,69.6,76.1,77.3,76.4
845.0,69.6,76.1,77.3,76.4
845.5,69.6,76.0,77.4,76.4
846.0,69.6,76.0,77.3,76.4
846.5,69.6,76.1,77.3,76.4
847.0,69.6,76.1,77.3,76.4
847.5,69.6,76.1,77.3,76.4
848.0,69.6,76.1,77.3,76.4
848.5,69.6,76.0,77.2,76.4
849.0,69.6,76.0,77.2,76.4
849.5,69.6,76.0,77.2,76.4
850.0,69.6,76.0,77.2,76.4
850.5,69.6,76.1,77.3,76.4
851.0,69.6,76.0,77.3,76.4
851.5,69.6,76.0,77.3,76.4
852.0,69.6,76.0,77.2,76.4
852.5,69.6,76.0,77.2,76.4
853.0,69.6,76.0,77.2,76.4
853.5,69.6,76.0,77.2,76.4
854.0,69.6,76.2,77.3,76.4
854.5,69.7,76.2,77.4,76.4
855.0,69.7,76.3,77.4,76.5
855.5,69.7,76.3,77.4,76.5
856.0,69.8,76.3,77.5,76.5
856.5,69.8,76.3,77.4,76.5
857.0,69.7,76.3,77.3,76.5
857.5,69.8,76.3,77.3,76.5
858.0,69.7,76.4,77.4,76.5
858.5,69.8,76.4,77.4,76.5
859.0,69.7,76.3,77.4,76.5
859.5,69.7,76.3,77.5,76.5
860.0,69.8,76.3,77.5,76.5
860.5,69.8,76.3,77.5,76.5
861.0,69.7,76.3,77.5,76.5
861.5,69.7,76.3,77.5,76.5
862.0,69.7,76.3,77.6,76.5
862.5,69.7,76.3,77.5,76.5
863.0,69.7,76.3,77.4,76.5
863.5,69.7,76.3,77.3,76.4
864.0,69.7,76.3,77.3,76.4
864.5,69.7,76.3,77.3,76.4
865.0,69.8,76.3,77.5,76.4
865.5,69.8,76.3,77.5,76.4
866.0,69.8,76.3,77.5,76.4
866.5,69.7,76.3,77.4,76.4
867.0,69.7,76.3,77.4,76.4
867.5,69.7,76.3,77.3,76.5
868.0,69.7,76.3,77.3,76.5
868.5,69.7,76.3,77.3,76.5
869.0,69.7,76.3,77.3,76.6
869.5,69.9,76.3,77.3,76.6
870.0,69.9,76.3,77.6,76.7
870.5,69.9,76.4,77.6,76.8
871.0,70.0,76.5,77.8,76.8
871.5,70.2,76.8,78.0,76.9
872.0,70.3,76.9,78.2,76.9
872.5,70.5,77.0,78.2,77.0
873.0,70.5,77.0,78.2,77.0
873.5,70.5,77.0,78.2,77.1
874.0,70.5,77.0,78.2,77.1
874.5,70.5,77.0,78.3,77.1
875.0,70.5,77.0,78.2,77.2
875.5,70.4,77.0,78.2,77.2
876.0,70.4,76.9,78.0,77.2
876.5,70.4,76.9,78.0,77.2
877.0,70.4,77.0,78.0,77.1
877.5,70.4,77.0,78.2,77.1
878.0,70.4,77.0,78.2,77.1
878.5,70.4,77.0,78.1,77.1
879.0,70.4,77.0,78.0,77.0
879.5,70.3,76.9,78.0,77.0
880.0,70.3,76.8,78.0,77.0
880.5,70.2,76.9,78.0,77.0
881.0,70.3,76.9,78.0,77.0
881.5,70.3,76.9,77.9,76.9
882.0,70.2,76.8,77.9,76.9
882.5,70.1,76.8,77.8,76.9
883.0,70.0,76.7,77.8,76.9
883.5,70.0,76.7,77.7,76.9
884.0,70.0,76.6,77.7,76.8
884.5,70.0,76.6,77.8,76.8
885.0,69.9,76.5,77.7,76.8
885.5,69.9,76.6,77.7,76.8
886.0,69.9,76.5,77.5,76.7
886.5,69.8,76.5,77.6,76.7
887.0,69.7,76.4,77.5,76.7
887.5,69.7,76.4,77.5,76.7
888.0,69.7,76.4,77.5,76.6
888.5,69.7,76.4,77.5,76.6
889.0,69.6,76.4,77.5,76.6
889.5,69.5,76.3,77.5,76.6
890.0,69.6,76.3,77.5,76.5
890.5,69.5,76.3,77.5,76.5
891.0,69.5,76.3,77.5,76.5
891.5,69.6,76.3,77.5,76.5
892.0,69.6,76.2,77.5,76.4
892.5,69.6,76.2,77.4,76.4
893.0,69.6,76.2,77.4,76.4
893.5,69.6,76.2,77.4,76.4
894.0,69.5,76.2,77.3,76.4
894.5,69.5,76.1,77.3,76.4
895.0,69.5,76.1,77.3,76.4
895.5,69.5,76.1,77.3,76.3
896.0,69.5,76.1,77.3,76.3
896.5,69.5,76.0,77.2,76.3
897.0,69.4,76.0,77.2,76.3
897.5,69.3,76.0,77.2,76.3
898.0,69.3,76.0,77.3,76.3
898.5,69.2,76.0,77.2,76.3
899.0,69.2,76.0,77.2,76.3
899.5,69.2,76.0,77.2,76.2
900.0,69.2,76.0,77.2,76.2
900.5,69.2,76.0,77.2,76.2
901.0,69.2,75.9,77.2,76.2
901.5,69.2,75.9,77.2,76.2
